{
    "wallet": {
        "balance": 500.00,
        "min_trade_size": 10,
        "max_trade_size": 25,
        "phantom_public_key": "4bkAzVnLixxJA124dx53hveRVueoLabGZ6zyMwqz6JK8"
    },
    "risk_management": {
        "stop_loss_percentage": 2.0,
        "take_profit_levels": [3.0, 5.0, 8.0],
        "max_open_positions": 3,
        "position_sizing": {
            "default": 10,
            "aggressive": 15,
            "conservative": 5
        }
    },
    "token_filters": {
        "priority_tokens": [
            {
                "symbol": "icp",
                "name": "Internet Computer",
                "min_position_size": 10,
                "max_position_size": 25,
                "stop_loss": 2.0,
                "take_profit_levels": [3.0, 5.0, 8.0],
                "volume_threshold": 1000000,
                "momentum_threshold": 2.0,
                "social_volume_threshold": 5000
            },
            {
                "symbol": "pepe",
                "name": "Pepe",
                "min_position_size": 10,
                "max_position_size": 20,
                "stop_loss": 2.5,
                "take_profit_levels": [4.0, 6.0, 10.0],
                "volume_threshold": 500000,
                "momentum_threshold": 3.0,
                "social_volume_threshold": 8000,
                "aggressive_growth": true
            }
        ]
    },
    "whale_tracking": {
        "enabled": true,
        "min_transaction_size": 50000,
        "whale_addresses": [
            "9WzDXwBbmkg8ZTbNMqUxvQRAyrZzDsGYdLVL9zYtAWWM",
            "2yqA3k1SXGPFxby69vKziXmQkd5rzvC6Y2pB6Z3YAZGq"
        ]
    },
    "live_trading": {
        "enabled": true,
        "check_interval": 10,
        "vpn": {
            "provider": "ocean",
            "check_interval": 300,
            "auto_reconnect": true,
            "connection_retry_limit": 3
        }
    },
    "test_mode": {
        "enabled": false
    }
}
